Date,Open,High,Low,Close,Volume,Adj_Close
2017-12-18,911,935,892,914,4691747,0
2017-12-19,913,915,858,865,4129664,0
2017-12-21,820,838,815,822,2381624,0
2017-12-22,811,821,794,801,3203695,0
2017-12-26,792,858,791,815,3880560,0
2017-12-27,810,849,810,838,1868988,0
2017-12-28,921,958,862,876,14677705,0
2018-01-01,876,876,876,876,0,0
2018-01-02,895,920,883,901,4517395,0
2018-01-03,910,942,899,935,6270290,0
2018-01-04,946,1055,933,968,25807325,0
2018-01-05,983,1005,950,956,6114833,0
2018-01-08,960,969,916,918,4883220,0
2018-01-09,917,940,900,919,3648931,0
2018-01-10,927,944,917,939,3268690,0
2018-01-11,936,1065,930,1000,30379749,0
2018-01-12,992,995,956,967,8561274,0
2018-01-15,970,970,930,948,3882666,0
2018-01-16,951,984,940,957,4524632,0
2018-01-17,960,967,939,940,2665390,0
2018-01-18,940,950,927,928,2892703,0
2018-01-19,930,979,928,945,5259266,0
2018-01-22,956,959,941,946,1960973,0
2018-01-23,949,978,940,957,2916322,0
2018-01-24,974,982,954,961,2878921,0
2018-01-25,961,965,948,955,2040725,0
2018-01-26,955,978,951,972,3181625,0
2018-01-29,980,999,966,975,4996001,0
2018-01-30,975,998,966,977,3029675,0
2018-01-31,980,1030,974,1030,10570241,0
2018-02-01,1060,1105,1010,1015,14811626,0
2018-02-02,1020,1030,972,976,5408670,0
2018-02-05,976,1020,946,974,6218083,0
2018-02-06,948,1000,925,990,4834063,0
2018-02-07,1015,1015,964,966,3034346,0
2018-02-08,957,1050,956,997,13487026,0
2018-02-09,968,990,960,974,2828477,0
2018-02-12,968,1070,960,1065,18347544,0
2018-02-13,1085,1095,931,933,13348119,0
2018-02-14,953,976,936,955,5421121,0
2018-02-19,995,1015,973,985,7204467,0
2018-02-20,994,997,978,978,2670621,0
2018-02-21,985,997,976,979,2375166,0
2018-02-22,981,990,978,980,1903160,0
2018-02-23,985,987,967,972,2048175,0
2018-02-26,975,990,966,972,2231472,0
2018-02-27,982,984,969,973,1505917,0
2018-02-28,971,982,954,970,3430496,0
2018-03-02,936,953,921,930,3609707,0
2018-03-05,925,937,880,891,3416904,0
2018-03-06,886,932,885,919,2801781,0
2018-03-08,888,901,874,889,1649732,0
2018-03-09,890,920,889,906,1409628,0
2018-03-12,915,928,909,922,1248663,0
2018-03-13,922,925,907,911,1424886,0
2018-03-14,911,918,899,901,1612362,0
2018-03-15,900,905,889,897,1559269,0
2018-03-16,900,939,895,918,4215141,0
2018-03-19,926,927,892,895,2285151,0
2018-03-20,895,910,888,900,1964516,0
2018-03-21,910,910,890,892,1534219,0
2018-03-22,881,882,800,835,6023088,0
2018-03-23,680,774,635,700,15817287,0
2018-03-26,635,697,635,660,8693230,0
2018-03-27,673,734,669,682,8336307,0
2018-03-28,690,798,684,788,18080751,0
2018-03-29,972,980,881,915,35169743,0
2018-03-30,920,953,889,933,16767512,0
2018-04-02,1105,1210,1070,1210,55527357,0
2018-04-03,1275,1370,1155,1230,97538167,0
2018-04-04,1225,1235,1125,1215,29559230,0
2018-04-05,1215,1240,1105,1115,1644,0
2018-04-06,1130,1200,1080,1175,16072092,0
2018-04-09,1225,1470,1215,1380,65964866,0
2018-04-10,1420,1630,1305,1550,64485264,0
2018-04-11,1775,1930,1680,1840,75285487,0
2018-04-12,1860,2125,1750,1900,51118506,0
2018-04-16,2000,2070,1885,1925,18726261,0
2018-04-17,1960,1965,1675,1745,22981226,0
2018-04-18,1800,1975,1690,1800,34726838,0
2018-04-19,1750,1760,1470,1530,19323369,0
2018-04-20,1465,1655,1450,1545,16791893,0
2018-04-23,1510,1510,1385,1415,14187984,0
2018-04-24,1390,1435,1295,1315,11977014,0
2018-04-25,1310,1475,1290,1380,17147874,0
2018-04-26,1375,1425,1330,1420,5751731,0
2018-04-27,1435,1435,1335,1365,5317803,0
2018-04-30,1320,1320,1190,1225,12942303,0
2018-05-02,1175,1220,1130,1165,11220200,0
2018-05-03,1195,1265,1175,1200,10259726,0
2018-05-04,1215,1345,1145,1210,20464930,0
2018-05-08,1240,1570,1225,1455,62307862,0
2018-05-09,1450,1510,1315,1445,18245968,0
2018-05-10,1435,1580,1370,1500,27742635,0
2018-05-11,1620,1765,1570,1605,37463832,0
2018-05-14,1605,1675,1530,1630,10447166,0
2018-05-15,1600,1635,1545,1595,6323612,0
2018-05-16,1495,1555,1435,1540,10084171,0
2018-05-17,1565,1580,1475,1490,5974390,0
2018-05-18,1500,1605,1460,1515,12093710,0
2018-05-21,1520,1820,1510,1720,59713759,0
2018-05-23,1850,1885,1645,1670,29408778,0
2018-05-24,1670,1765,1625,1710,14328631,0
2018-05-25,1690,1840,1660,1790,25025257,0
2018-05-28,1715,1745,1660,1690,13940118,0
2018-05-29,1670,1720,1590,1605,9250240,0
2018-05-30,1615,1705,1600,1615,6937625,0
2018-05-31,1645,1680,1560,1580,5865092,0
2018-06-01,1600,1615,1540,1585,6258281,0
2018-06-04,1585,1690,1555,1635,9264421,0
2018-06-05,1660,1840,1645,1685,39449991,0
2018-06-07,1720,1750,1675,1700,7433214,0
2018-06-08,1690,1715,1635,1650,5541706,0
2018-06-11,1650,1695,1600,1600,5823783,0
2018-06-12,1610,1645,1495,1525,7587265,0
2018-06-14,1550,1635,1475,1580,7210229,0
2018-06-15,1610,1615,1515,1525,3766899,0
2018-06-18,1495,1525,1445,1460,4258347,0
2018-06-19,1455,1505,1390,1400,4287318,0
2018-06-20,1395,1470,1375,1420,4464032,0
2018-06-21,1420,1455,1380,1395,2795944,0
2018-06-22,1380,1390,1330,1345,3563013,0
2018-06-25,1345,1425,1330,1370,4069864,0
2018-06-26,1360,1420,1340,1370,2621505,0
2018-06-27,1375,1430,1370,1410,3856446,0
2018-06-28,1380,1395,1265,1340,5290866,0
2018-06-29,1350,1380,1280,1285,2914034,0
2018-07-02,1270,1295,1155,1155,5899255,0
2018-07-03,1170,1240,1155,1210,6296400,0
2018-07-04,1195,1240,1180,1230,2515370,0
2018-07-05,1240,1240,1175,1180,1911580,0
2018-07-06,1195,1195,1095,1150,3781831,0
2018-07-09,1130,1180,1130,1140,2077660,0
2018-07-10,1130,1230,1130,1185,4754076,0
2018-07-11,1155,1195,1135,1165,2872947,0
2018-07-12,1170,1205,1155,1175,2144431,0
2018-07-13,1185,1200,1165,1185,2357931,0
2018-07-16,1175,1200,1165,1170,1529811,0
2018-07-17,1190,1285,1175,1280,10153927,0
2018-07-18,1270,1340,1230,1270,6190215,0
2018-07-19,1310,1375,1290,1375,8831953,0
2018-07-20,1460,1510,1330,1365,17212884,0
2018-07-23,1355,1365,1220,1225,4998183,0
2018-07-24,1215,1280,1210,1225,2809320,0
2018-07-26,1225,1295,1185,1245,4764482,0
2018-07-27,1255,1280,1220,1265,2814407,0
2018-07-30,1260,1275,1215,1225,2395610,0
2018-07-31,1240,1265,1215,1235,2666545,0
2018-08-01,1245,1255,1185,1245,2691288,0
2018-08-02,1245,1320,1225,1270,5574244,0
2018-08-03,1270,1320,1265,1270,2796117,0
2018-08-06,1275,1355,1265,1335,4386498,0
2018-08-07,1335,1390,1310,1385,7424054,0
2018-08-08,1405,1430,1320,1375,5733972,0
2018-08-09,1415,1440,1360,1375,6523468,0
2018-08-10,1375,1375,1320,1330,2983635,0
2018-08-13,1345,1360,1250,1250,4623458,0
2018-08-14,1240,1310,1235,1260,2420488,0
2018-08-16,1240,1250,1190,1250,2910382,0
2018-08-17,1250,1305,1250,1285,2421210,0
2018-08-20,1295,1315,1275,1280,2507174,0
2018-08-21,1290,1330,1270,1300,2640213,0
2018-08-22,1300,1315,1280,1280,1990375,0
2018-08-23,1280,1305,1270,1270,1541199,0
2018-08-24,1275,1285,1255,1265,1753678,0
2018-08-27,1275,1295,1260,1265,1701231,0
2018-08-28,1260,1310,1260,1300,3095718,0
2018-08-29,1315,1445,1300,1440,26899820,0
2018-08-30,1440,1450,1375,1390,6635692,0
2018-08-31,1420,1480,1390,1420,12409452,0
2018-09-03,1410,1465,1395,1425,5003299,0
2018-09-04,1425,1460,1420,1455,5768105,0
2018-09-05,1465,1505,1395,1400,9447601,0
2018-09-06,1410,1420,1375,1400,5150986,0
2018-09-07,1395,1425,1355,1370,3563892,0
2018-09-10,1370,1400,1360,1375,2859320,0
2018-09-11,1375,1380,1350,1360,2409339,0
2018-09-12,1370,1375,1325,1330,2930693,0
2018-09-13,1335,1350,1320,1335,1916575,0
2018-09-14,1335,1400,1330,1375,4069928,0
2018-09-17,1350,1355,1290,1300,4051741,0
2018-09-18,1305,1305,1250,1270,3101356,0
2018-09-19,1265,1270,1210,1235,3829540,0
2018-09-20,1235,1250,1195,1225,5700124,0
2018-09-21,1220,1245,1195,1235,2785033,0
2018-09-27,1225,1235,1200,1215,3166703,0
2018-09-28,1210,1260,1205,1235,3880997,0
2018-10-01,1235,1245,1180,1180,3839816,0
2018-10-02,1180,1210,1125,1130,3164027,0
2018-10-04,1145,1155,1080,1095,2814873,0
2018-10-05,1070,1130,1065,1100,2099876,0
2018-10-08,1095,1145,1095,1115,1668724,0
2018-10-10,1130,1130,1065,1070,1683301,0
2018-10-11,1010,1050,987,993,3069616,0
2018-10-12,997,1085,984,1035,3192360,0
2018-10-15,1025,1035,995,1005,1449602,0
2018-10-16,1000,1025,998,1015,1096139,0
2018-10-17,1035,1055,1010,1015,1465736,0
2018-10-18,1015,1040,1005,1010,1337872,0
2018-10-19,1000,1015,982,1015,2903812,0
2018-10-22,1015,1065,988,1065,4384613,0
2018-10-23,1055,1090,1025,1035,2961467,0
2018-10-24,1035,1050,995,998,2350762,0
2018-10-25,998,998,921,967,3061758,0
2018-10-26,997,1015,870,870,4753436,0
2018-10-29,845,907,790,800,4744179,0
2018-10-30,780,858,770,830,3461550,0
2018-10-31,832,897,832,886,3322007,0
2018-11-01,880,952,878,908,2781474,0
2018-11-02,930,950,923,950,1461853,0
2018-11-05,959,959,917,927,1324576,0
2018-11-06,934,936,891,902,1369755,0
2018-11-07,910,938,877,900,1432245,0
2018-11-08,912,929,911,914,889202,0
2018-11-09,905,920,890,899,1336515,0
2018-11-12,891,896,852,854,1461834,0
2018-11-13,835,869,821,865,1390414,0
2018-11-14,878,878,843,849,963233,0
2018-11-15,829,874,827,852,815430,0
2018-11-16,860,895,849,886,1520401,0
2018-11-19,889,906,881,898,1001865,0
2018-11-20,890,890,869,887,844286,0
2018-11-21,887,887,858,866,1094532,0
2018-11-22,866,881,855,855,801621,0
2018-11-23,855,865,830,830,1116238,0
2018-11-26,839,879,835,857,1115147,0
2018-11-27,867,872,855,862,539725,0
2018-11-28,862,865,844,846,807562,0
2018-11-29,845,856,834,838,1061601,0
2018-11-30,825,845,821,822,1044194,0
2018-12-03,826,833,819,825,757939,0
2018-12-04,828,828,814,818,1043344,0
2018-12-05,814,814,794,796,1267368,0
2018-12-06,795,800,755,755,1873760,0
2018-12-07,761,814,755,799,1848553,0
2018-12-10,782,802,776,778,766388,0
2018-12-11,769,777,695,712,1964443,0
2018-12-12,705,748,705,740,1282159,0
2018-12-13,728,903,728,840,14846969,0
2018-12-14,835,840,788,792,3057499,0
2018-12-17,792,793,763,778,1463819,0
2018-12-18,771,772,753,755,1363741,0
2018-12-19,755,796,750,785,1494420,0
2018-12-20,799,799,740,749,2105243,0
2018-12-21,741,764,736,744,908999,0
2018-12-24,750,751,716,721,1548078,0
2018-12-26,708,708,668,668,2368360,0
2018-12-27,690,719,680,710,1505353,0
2018-12-28,715,777,715,743,3220148,0
2019-01-02,751,782,744,761,1912395,0
2019-01-03,764,783,731,745,1045182,0
2019-01-04,753,753,717,732,860505,0
2019-01-07,748,749,697,740,988771,0
2019-01-08,736,748,728,730,599630,0
2019-01-09,733,745,725,731,753385,0
2019-01-10,741,741,721,728,598715,0
2019-01-11,730,753,730,753,1117885,0
2019-01-14,756,762,746,758,907743,0
2019-01-15,752,782,752,782,1007456,0
2019-01-16,790,790,765,775,1084835,0
2019-01-17,770,784,761,766,896808,0
2019-01-18,767,775,765,770,767154,0
2019-01-21,770,778,765,774,863301,0
2019-01-22,765,780,765,772,644254,0
2019-01-23,771,790,767,788,901792,0
2019-01-24,802,808,785,798,1067061,0
2019-01-25,807,807,790,797,775942,0
2019-01-28,795,872,793,834,4531095,0
2019-01-29,821,847,816,822,1377369,0
2019-01-30,822,830,796,797,1417479,0
2019-01-31,801,807,785,795,884876,0
2019-02-01,800,800,768,789,1145476,0
2019-02-07,781,794,779,786,868299,0
2019-02-08,785,785,758,765,1388285,0
2019-02-11,766,791,760,760,1043360,0
2019-02-12,770,770,707,715,3426225,0
2019-02-13,716,748,712,741,1608970,0
2019-02-14,741,749,724,729,1098554,0
2019-02-15,735,747,720,733,929039,0
2019-02-18,733,748,730,743,716969,0
2019-02-19,753,844,743,806,7702809,0
2019-02-20,812,842,786,789,4061947,0
2019-02-21,789,867,783,819,6920743,0
2019-02-22,822,846,795,805,2289396,0
2019-02-25,806,813,790,807,989759,0
2019-02-26,811,1045,787,1045,36757939,0
2019-02-27,1130,1170,1025,1035,48647323,0
2019-02-28,1005,1125,947,969,42820705,0
2019-03-04,930,1020,916,939,12160610,0
2019-03-05,991,1080,980,987,23030949,0
2019-03-06,965,994,938,955,5692312,0
2019-03-07,950,1020,935,977,12229039,0
2019-03-08,961,993,950,955,3656599,0
2019-03-11,953,967,925,928,2820420,0
2019-03-12,929,985,929,945,4549912,0
2019-03-13,946,955,900,905,3566497,0
2019-03-14,913,926,901,918,2057459,0
2019-03-15,916,916,869,889,3302128,0
2019-03-18,902,976,890,926,6686335,0
2019-03-19,930,938,838,897,6804187,0
2019-03-20,893,893,838,847,4160568,0
2019-03-21,849,872,834,845,2754533,0
2019-03-22,867,870,839,853,1701373,0
2019-03-25,835,854,824,828,1662878,0
2019-03-26,828,851,826,833,1250074,0
2019-03-27,839,839,808,823,1742224,0
2019-03-28,816,833,802,802,1131588,0
2019-03-29,810,815,780,805,1670402,0
2019-04-01,803,842,802,838,1967545,838
2019-04-02,832,845,825,843,1149575,843
2019-04-03,849,873,836,849,1679550,849
2019-04-04,858,946,847,876,15643311,876
2019-04-05,874,885,868,873,1834002,873
2019-04-08,877,888,860,884,1986544,884
2019-04-09,876,892,860,882,2218235,882
2019-04-10,880,889,869,880,1229931,880
2019-04-11,875,883,869,872,1726138,872
2019-04-12,868,902,865,890,2599167,890
2019-04-15,880,885,861,871,2557949,871
2019-04-16,871,877,845,845,2608545,845
2019-04-17,850,863,840,849,1268259,849
2019-04-18,852,852,805,817,2068827,817
2019-04-19,819,844,819,835,1088593,835
2019-04-22,835,849,828,843,809843,843
2019-04-23,848,849,824,838,1070412,838
2019-04-24,830,839,790,831,2233685,831
2019-04-25,829,844,822,843,1225412,843
2019-04-26,831,839,805,810,1420307,810
2019-04-29,805,817,797,799,1271930,799
2019-04-30,793,809,775,778,2219452,778
2019-05-02,790,845,780,810,3036034,810
2019-05-03,810,824,805,812,1083719,812
2019-05-07,801,805,784,785,1140091,785
2019-05-08,782,795,770,779,1187031,779
2019-05-09,773,780,735,745,1999169,745
2019-05-10,718,744,716,735,1647143,735
2019-05-13,724,767,710,730,1446386,730
2019-05-14,710,729,705,715,1138923,715
2019-05-15,715,731,712,726,739581,726
2019-05-16,728,728,696,702,1897553,702
2019-05-17,703,723,696,702,805866,702
2019-05-20,702,712,693,695,706455,695
2019-05-21,685,707,684,699,801510,699
2019-05-22,701,708,688,691,721691,691
2019-05-23,689,757,689,707,4809733,707
2019-05-24,705,707,680,681,1233328,681
2019-05-27,675,691,675,680,612857,680
2019-05-28,675,742,675,700,3298770,700
2019-05-29,700,701,681,686,744120,686
2019-05-31,750,754,700,704,6310360,704
2019-06-03,695,699,686,694,814297,694
2019-06-04,699,701,690,690,595090,690
2019-06-05,690,710,690,702,798972,702
2019-06-07,703,716,696,705,1192488,705
2019-06-10,709,714,700,709,535648,709
2019-06-11,715,716,705,714,728124,714
2019-06-12,715,740,711,727,1110091,727
2019-06-13,733,744,725,732,1606557,732
2019-06-14,728,740,727,730,789543,730
2019-06-17,735,739,718,718,747389,718
2019-06-18,713,721,704,705,802642,705
2019-06-19,707,729,703,724,965449,724
2019-06-20,724,754,724,749,2283396,749
2019-06-21,749,754,725,730,1112715,730
2019-06-24,728,742,725,732,500857,732
2019-06-25,732,734,711,711,848423,711
2019-06-26,708,720,704,711,790317,711
2019-06-27,716,717,700,702,673248,702
2019-06-28,700,705,686,699,839582,699
2019-07-01,696,716,692,705,727526,705
2019-07-02,702,710,701,707,597614,707
2019-07-03,713,739,701,709,1642142,709
2019-07-04,720,720,690,703,838167,703
2019-07-05,696,709,693,700,593132,700
2019-07-08,707,707,666,669,1201703,669
2019-07-09,669,680,659,666,453092,666
2019-07-11,666,666,643,647,1151931,647
2019-07-12,649,662,645,657,584489,657
2019-07-15,661,661,632,636,907125,636
2019-07-16,630,635,583,600,2797587,600
2019-07-17,594,601,565,578,1382478,578
2019-07-18,578,600,569,579,1052131,579
2019-07-19,580,639,580,602,2440791,602
2019-07-22,610,624,603,617,1115176,617
2019-07-23,610,618,606,607,516109,607
2019-07-24,610,635,607,614,1993443,614
2019-07-25,612,620,577,586,1110987,586
2019-07-26,586,594,566,580,797096,580
2019-07-29,571,581,525,533,1475547,533
2019-07-30,500,553,500,535,987130,535
2019-07-31,535,555,518,543,769361,543
2019-08-01,545,561,534,537,660293,537
2019-08-02,534,539,520,533,638336,533
2019-08-05,525,536,470,473,1535472,473
2019-08-06,430,476,401,444,1627867,444
2019-08-07,445,475,445,470,887986,470
2019-08-08,490,498,470,497,928341,497
2019-08-09,492,531,492,510,808174,510
2019-08-12,501,521,501,515,526685,515
2019-08-13,522,523,508,511,311141,511
2019-08-14,512,523,509,511,602008,511
2019-08-16,511,514,498,505,352735,505
2019-08-19,505,514,499,506,343849,506
2019-08-20,511,519,502,515,566473,515
2019-08-21,516,530,514,528,498421,528
2019-08-22,533,533,520,522,280838,522
2019-08-23,522,526,510,513,450214,513
2019-08-26,485,507,485,486,719428,486
2019-08-27,494,504,491,496,306397,496
2019-08-28,497,517,489,508,474908,508
2019-08-29,514,514,495,497,504702,497
2019-08-30,496,508,496,507,364993,507
2019-09-02,511,513,503,507,523814,507
2019-09-03,507,533,505,527,928574,527
2019-09-04,527,533,517,527,308057,527
2019-09-05,526,532,524,530,305132,530
2019-09-06,533,536,524,530,448460,530
2019-09-09,528,537,508,508,475473,508
2019-09-10,508,520,501,502,401441,502
2019-09-11,510,515,504,515,339785,515
2019-09-16,525,525,514,519,374625,519
2019-09-17,519,560,514,555,1616047,555
2019-09-18,556,559,533,538,929845,538
2019-09-19,538,549,532,544,432357,544
2019-09-20,541,547,530,546,644308,546
2019-09-23,547,547,519,525,665357,525
2019-09-24,526,537,523,532,422940,532
2019-09-25,534,534,508,512,767814,512
2019-09-26,516,525,505,517,432329,517
2019-09-27,510,558,500,513,2311535,513
2019-09-30,522,522,496,501,790198,501
2019-10-01,502,506,491,501,581963,501
2019-10-02,500,501,494,500,324413,500
2019-10-04,505,505,490,493,480726,493
2019-10-07,491,495,473,483,975153,483
2019-10-08,512,512,474,499,2385879,499
2019-10-10,499,499,471,495,792366,495
2019-10-11,497,500,475,498,481007,498
2019-10-14,500,543,490,530,2527460,530
2019-10-15,525,576,521,530,8685003,530
2019-10-16,530,539,524,530,1065393,530
2019-10-17,531,575,525,555,5005232,555
2019-10-18,553,559,537,545,1464930,545
2019-10-22,643,651,561,561,17045254,561
2019-10-23,563,572,536,536,2653000,536
2019-10-24,544,544,520,529,1579687,529
2019-10-25,530,530,510,517,1154266,517
2019-10-28,522,526,510,516,743241,516
2019-10-29,518,521,510,515,737806,515
2019-10-30,518,516,507,510,611845,510
2019-10-31,512,538,510,528,1309466,528
2019-11-01,533,533,522,525,594041,525
2019-11-04,523,533,520,531,727394,531
2019-11-05,531,542,524,540,766043,540
2019-11-06,541,572,537,554,2615946,554
2019-11-07,562,568,551,563,1099928,563
2019-11-08,565,565,555,561,717406,561
2019-11-11,565,565,544,546,859609,546
2019-11-12,559,570,546,568,1291696,568
2019-11-13,568,599,558,591,4149812,591
2019-11-14,586,597,570,590,1247481,590
2019-11-15,586,590,569,578,816026,578
2019-11-18,578,592,570,584,874823,584
2019-11-19,592,592,570,584,993710,584
2019-11-20,585,591,574,582,977925,582
2019-11-21,580,589,563,570,1008020,570
2019-11-22,564,585,563,566,586135,566
2019-11-25,567,574,555,569,504350,569
2019-11-26,569,577,565,572,449956,572
2019-11-27,575,577,571,577,884425,577
2019-11-28,580,587,557,558,684583,558
2019-11-29,552,564,538,548,461497,548
2019-12-02,548,555,537,540,307160,540
2019-12-03,540,549,518,522,439020,522
2019-12-04,522,532,514,525,300499,525
2019-12-05,524,543,512,521,735932,521
2019-12-06,515,526,505,506,818559,506
2019-12-09,506,506,455,461,2788974,461
2019-12-10,462,500,459,483,1614103,483
2019-12-11,483,487,470,471,455587,471
2019-12-12,471,555,464,507,6389315,507
2019-12-13,507,513,497,506,1027775,506
2019-12-16,505,520,502,511,655329,511
2019-12-17,511,575,508,533,11581285,533
2019-12-18,534,590,522,547,13475622,547
2019-12-19,543,553,533,546,1444423,546
2019-12-20,543,548,523,540,2187672,540
2019-12-23,540,543,509,509,1427797,509
2019-12-24,510,515,493,495,916916,495
2019-12-26,492,516,491,514,648881,514
2019-12-27,512,523,505,513,410080,513
2019-12-30,515,579,513,522,6082457,522
2020-01-03,537,542,521,533,791495,533
2020-01-06,532,532,512,519,834096,519
2020-01-07,519,538,517,530,606540,530
2020-01-08,526,530,493,506,1402277,506
2020-01-09,514,530,513,528,646670,528
2020-01-10,535,539,526,532,545273,532
2020-01-13,530,536,520,529,581412,529
2020-01-14,532,534,521,524,591882,524
2020-01-15,523,530,512,521,641474,521
2020-01-16,520,526,506,511,886863,511
2020-01-17,508,516,506,511,395823,511
2020-01-20,518,518,487,492,1480036,492
2020-01-21,492,492,470,475,1285141,475
2020-01-22,475,487,471,485,603427,485
2020-01-23,485,485,470,475,485834,475
2020-01-28,451,463,441,457,634892,457
2020-01-29,461,469,452,457,479580,457
2020-01-30,486,594,460,594,41504463,594
2020-01-31,620,681,491,498,89481093,498
2020-02-03,508,549,438,440,25415944,440
2020-02-04,450,458,419,445,6441262,445
2020-02-05,451,452,435,442,3245466,442
2020-02-06,442,449,435,435,2481590,435
2020-02-07,434,438,411,420,2330343,420
2020-02-10,420,422,406,407,2679700,407
2020-02-11,404,419,403,410,2004739,410
2020-02-13,379,397,360,382,4848596,382
2020-02-14,384,385,352,355,3108900,355
2020-02-17,358,419,355,387,9597988,387
2020-02-18,385,386,362,373,1832028,373
2020-02-19,368,383,361,370,944155,370
2020-02-20,370,371,351,353,1496831,353
2020-02-21,388,441,357,408,61476735,408
2020-02-24,422,483,378,384,29437659,384
2020-02-25,364,388,361,369,5567229,369
2020-02-26,358,437,358,374,21481050,374
2020-02-27,379,416,372,393,15194642,393
2020-02-28,394,419,381,383,7265487,383
2020-03-02,381,402,380,401,6238029,401
2020-03-03,420,444,399,406,11007582,406
2020-03-04,406,429,403,411,4695170,411
2020-03-05,422,427,410,411,3921684,411
2020-03-06,417,417,396,407,3101869,407
2020-03-09,399,422,396,401,5566270,401
2020-03-10,393,410,380,403,3739763,403
2020-03-11,429,429,397,402,3021514,402
2020-03-12,397,404,382,392,2433748,392
2020-03-13,355,376,333,360,3833948,360
2020-03-16,360,375,353,353,2371090,353
2020-03-17,294,430,294,370,11191499,370
2020-03-18,384,390,362,362,2914755,362
2020-03-19,362,419,330,343,13036417,343
2020-03-20,344,367,343,348,2609783,348
2020-03-23,345,349,325,331,2569275,331
2020-03-24,330,340,305,316,7736205,316
2020-03-25,325,357,316,330,13704193,330
2020-03-26,332,365,315,335,10554785,335
2020-03-27,345,373,333,354,10423905,354
2020-03-30,382,440,368,426,29123686,426
2020-03-31,442,472,407,410,14025370,410
2020-04-01,410,424,390,397,7420471,397
2020-04-02,394,461,380,417,54713683,417
2020-04-03,418,435,405,413,9102236,413
2020-04-06,411,422,409,415,5971574,415
2020-04-07,421,453,407,439,19235170,439
2020-04-08,451,455,415,422,15102192,422
2020-04-09,430,435,365,381,31787463,381
2020-04-10,378,404,364,381,18868609,381
2020-04-13,378,397,368,377,6733124,377
2020-04-14,390,390,376,378,4322011,378
2020-04-16,378,380,362,366,5351393,366
2020-04-17,368,378,366,371,3148262,371
2020-04-20,375,383,370,372,3840077,372
2020-04-21,373,373,330,353,8198552,353
2020-04-22,351,351,338,343,5838504,343
2020-04-23,349,354,343,348,3070332,348
2020-04-27,345,354,343,353,3775962,353
2020-04-28,354,358,344,347,3397224,347
2020-04-29,345,347,333,336,5637041,336
2020-05-04,333,344,330,336,2582877,336
2020-05-06,338,342,335,339,2206677,339
2020-05-07,337,404,337,366,38729365,366
2020-05-08,365,375,357,365,11611153,365
2020-05-11,370,375,365,366,7083937,366
2020-05-12,366,369,343,351,5515920,351
2020-05-13,346,355,342,351,2969910,351
2020-05-14,362,456,360,403,122330967,403
2020-05-15,406,437,400,403,31755155,403
2020-05-18,394,404,381,399,9287813,399
2020-05-19,405,407,383,386,6922071,386
2020-05-20,382,395,382,395,4643186,395
2020-05-21,395,407,388,393,7132999,393
2020-05-22,395,397,376,386,4105628,386
2020-05-25,386,394,383,385,3040665,385
2020-05-26,385,389,378,389,3349430,389
2020-05-27,390,408,382,407,7627289,407
2020-05-28,450,499,404,405,141523500,405
2020-05-29,408,415,386,389,18818992,389
2020-06-01,389,394,382,387,9351059,387
2020-06-02,390,409,386,398,17959375,398
2020-06-03,400,406,382,383,12894164,383
2020-06-04,383,386,374,374,8175206,374
2020-06-05,372,381,366,377,5885187,377
2020-06-08,378,380,372,379,3844537,379
2020-06-09,383,384,370,374,4298741,374
2020-06-10,374,376,368,370,4230014,370
2020-06-11,368,373,365,369,4332543,369
2020-06-12,354,358,347,352,4094967,352
2020-06-15,352,365,329,333,5351348,333
2020-06-16,337,351,336,346,3090905,346
2020-06-17,342,359,338,350,4457787,350
2020-06-18,351,355,343,343,2409968,343
2020-06-19,335,338,311,322,15815583,322
2020-06-22,321,323,309,312,4700297,312
2020-06-23,314,316,300,307,4797916,307
2020-06-24,306,322,305,316,4090207,316
2020-06-25,315,323,308,319,2565875,319
2020-06-26,319,323,310,314,2039217,314
2020-06-29,315,318,307,309,1713239,309
2020-06-30,312,314,301,309,2137231,309
2020-07-01,313,339,272,279,25642033,279
2020-07-02,288,290,282,285,3742125,285
2020-07-03,287,290,279,289,3585786,289
2020-07-06,288,296,283,296,4791149,296
2020-07-07,297,304,287,291,2678186,291
2020-07-08,289,294,281,281,2998919,281
2020-07-09,285,285,273,280,3805221,280
2020-07-10,277,281,273,275,2623121,275
2020-07-13,276,282,273,276,2066183,276
2020-07-14,277,298,272,288,10228659,288
2020-07-15,288,294,281,286,2705781,286
2020-07-16,288,291,283,288,3036064,288
2020-07-17,288,291,284,285,3071773,285
2020-07-20,297,306,285,300,9154091,300
2020-07-21,299,328,297,299,36358960,299
2020-07-22,299,299,285,292,7300855,292
2020-07-23,294,300,287,292,5054305,292
2020-07-24,289,294,285,285,4490881,285
2020-07-27,285,291,280,285,3240786,285
2020-07-28,282,288,281,288,3421295,288
2020-07-29,295,296,275,278,8034979,278
2020-07-30,278,279,268,270,6019525,270
2020-07-31,274,278,250,252,13104930,252
2020-08-03,251,253,227,234,14275489,234
2020-08-04,234,234,215,220,19684898,220
2020-08-05,220,248,219,233,23891770,233
2020-08-06,234,236,222,222,9190151,222
2020-08-07,222,228,218,222,8166959,222
2020-08-10,221,222,203,206,11540705,206
2020-08-11,205,267,201,267,120035935,267
2020-08-12,301,325,254,289,214081415,289
2020-08-13,285,342,273,308,158793144,308
2020-08-14,310,333,293,298,55873858,298
2020-08-18,291,291,241,242,33065516,242
2020-08-19,245,301,245,285,77923170,285
2020-08-20,279,281,262,266,20980267,266
2020-08-21,269,284,261,263,17231286,263
2020-08-24,270,271,252,257,11685191,257
2020-08-25,260,269,252,262,12297486,262
2020-08-26,262,264,252,252,11547471,252
2020-08-27,252,254,239,241,9113641,241
2020-08-28,243,295,237,255,58939173,255
2020-08-31,262,268,254,256,12569192,256
2020-09-01,257,264,254,256,7623348,256
2020-09-02,256,258,248,253,5901163,253
2020-09-03,252,282,251,267,21836714,267
2020-09-04,256,292,254,281,39018675,281
2020-09-07,276,310,267,287,45340210,287
2020-09-08,285,287,271,273,13321321,273
2020-09-09,265,280,264,271,8166198,271
2020-09-10,274,282,267,271,8230316,271
2020-09-11,271,275,266,268,4571423,268
2020-09-14,268,272,261,267,6097414,267
2020-09-15,269,271,258,261,8679088,261
2020-09-16,261,269,256,260,7336672,260
2020-09-17,257,258,202,235,43700906,235
2020-09-18,235,237,221,227,10809271,227
2020-09-21,227,227,211,218,11379985,218
2020-09-22,216,217,204,208,8102687,208
2020-09-23,259,269,241,249,70187449,249
2020-09-24,237,265,231,231,30280526,231
2020-09-25,236,236,211,212,16757166,212
2020-09-28,210,234,208,219,13778193,219
2020-09-29,227,227,215,219,6805471,219
2020-10-05,218,226,215,222,5962949,222
2020-10-06,225,229,218,220,5244985,220
2020-10-07,219,239,216,229,16986266,229
2020-10-08,230,237,226,231,7184357,231
2020-10-12,233,275,229,256,60513614,256
2020-10-13,259,274,250,252,27927954,252
2020-10-14,253,266,241,250,19565384,250
2020-10-15,250,267,249,251,13080753,251
2020-10-16,254,259,244,248,7523181,248
2020-10-19,248,260,243,244,6419188,244
2020-10-20,221,242,221,237,12726282,237
2020-10-21,240,242,230,230,6366962,230
2020-10-22,222,239,220,229,8003447,229
2020-10-23,238,277,229,245,101641788,245
2020-10-26,280,318,271,318,155931863,318
2020-10-27,342,408,296,386,396257062,386
2020-10-28,372,476,366,400,358664289,400
2020-10-29,406,439,390,402,95660915,402
2020-10-30,410,413,346,349,63238182,349
2020-11-02,359,378,337,343,55962997,343
2020-11-03,341,341,298,307,52586375,307
2020-11-04,295,315,285,290,38232509,290
2020-11-05,301,325,295,308,65962180,308
2020-11-06,315,323,305,314,25221689,314
2020-11-09,330,330,311,320,29494923,320
2020-11-10,320,332,305,321,26415244,321
2020-11-11,325,327,312,315,16119382,315
2020-11-12,315,334,307,325,31132537,325
2020-11-13,332,333,312,315,15188040,315
2020-11-16,319,362,315,330,117541220,330
2020-11-17,338,349,316,325,58553137,325
2020-11-18,323,328,311,314,25059223,314
2020-11-19,315,335,307,325,47010135,325
2020-11-20,338,389,333,363,246657720,363
2020-11-24,517,595,471,544,487099429,544
2020-11-25,576,608,458,495,217039191,495
2020-11-26,495,506,446,451,61775239,451
2020-11-27,470,473,424,436,46349696,436
2020-11-30,439,439,411,424,35086745,424
2020-12-01,420,524,407,490,251441624,490
2020-12-02,495,518,473,487,93815531,487
2020-12-03,487,495,468,475,33833005,475
2020-12-04,451,474,430,450,38202313,450
2020-12-07,444,450,427,429,18188310,429
2020-12-08,437,504,436,479,122304641,479
2020-12-09,470,500,458,472,49984317,472
2020-12-10,468,497,461,495,51177545,495
2020-12-11,500,595,500,554,351039553,554
2020-12-14,554,583,518,520,77954118,520
2020-12-15,515,545,513,536,56280118,536
2020-12-16,530,543,520,520,21663505,520
2020-12-17,520,547,512,520,37571157,520
2020-12-18,514,527,499,508,23111646,508
2020-12-21,503,505,464,475,28057610,475
2020-12-22,467,518,452,485,63515001,485
2020-12-23,491,507,463,464,18466326,464
2020-12-24,464,472,449,450,12373749,450
2020-12-28,450,450,411,420,17688621,420
2020-12-29,404,448,402,443,17381083,443
2020-12-30,443,485,420,455,31866285,455
